{"pb-IF4RVXYBDg==": 10, "pb-IF41VURYVw==": 10, "pb-IF4SVW8SVQ==": 10, "pb-IF4SVW8mCg==": 120, "pb-IF4wCGlS": 10, "pb-IF49V1IbUg==": 80, "pb-JiNJARBTUkBFWFxBEUZUVV1EF0JcQ1dC": 40, "pb-IF5dVElc": 70, "pb-IF4TVUUlCA==": 10, "pb-IF4IVUgtFQ==": 30, "pb-IF4PVUUSNw==": 108, "pb-IF4gVWUHAw==": 72, "pb-JiNJARFYUENAVVhHF05UUlVDGUNWQVJC": 1748, "pb-IF4pVXNcDA==": 0, "pb-IF4tVUQDVQ==": 10, "pb-IF4vVXEgUg==": 30, "pb-IF5RVUwJEQ==": 10, "pb-LV4FVw==": 10, "pb-IF4zVRQMKA==": 20, "pb-IF4gVBEvNg==": 60, "pb-IF4eVWpaUw==": 10, "pb-IF4zVWQFMA==": 92, "pb-IF4hVXEYIA==": 419, "pb-IF4rEEIy": 4874, "pb-IF4yVWwiKg==": 10, "pb-IF4xVUktVA==": 20, "pb-IF4dVUYSEw==": 20, "pb-IF5SVUFYIw==": 10, "pb-IF4QVXQxCQ==": 10, "pb-IF4jVUoFVg==": 40, "pb-IF4AV0cENQ==": 410, "pb-IF4FV1QZKg==": 110, "pb-IF4iVWoDVg==": 10, "pb-IF4BPnYP": 40, "pb-IF4XFGVc": 30, "pb-IF4CVG4iKQ==": 20, "pb-JiNJARBfUkZEWl9DFk5VXVdLFkRZQFNA": 1054, "pb-IF48VXpaFQ==": 80, "pb-IF4AVXIEVA==": 10, "pb-IF49VXE6Lg==": 10, "pb-IF4rVBg6BA==": 10, "pb-IF4GMRYR": 200, "pb-IF4DVGtdCA==": 30, "pb-IF4LVEk7Eg==": 60, "pb-IF43VWcjVw==": 30, "pb-IF4mVXYNEw==": 45, "pb-JiNJARFbXUZAX15GGURYVlNHEUFcRFlA": 10, "pb-IF5cVWJaKg==": 10, "pb-IF4qVHgJLg==": 10, "pb-IF4CVUYDDg==": 0, "pb-IF4eVUY8FA==": 110, "pb-IF4PVUgJDg==": 10, "pb-IF4JVXhYCQ==": 10, "pb-IF4sVUY9Bg==": 30, "pb-IF49VURZPw==": 70, "pb-IF4wV0cRLg==": 13, "pb-IF4lVFkMPw==": 80, "pb-IF4-VEZYDg==": 104, "pb-IF4OVRggMg==": 20, "pb-IF4qVFEELA==": 10, "pb-IF4NVXgvIA==": 0, "pb-IF4iVXo_DQ==": 10, "pb-IF4IVW4BEA==": 42, "pb-IF4XLWQR": 250, "pb-IF4TVXNTAA==": 10, "pb-IF42VE4oVw==": 10, "pb-IF5QVW8zFA==": 10, "pb-IF4zPGUb": 10, "pb-IF4GVW5aVA==": 34, "pb-IF4sVWYMNA==": 20, "pb-IF5RVEYyLw==": 40, "pb-IF4pVRg4NA==": 40, "pb-IF4xVXFfIA==": 10, "pb-IF5XVFURKA==": 10, "pb-IF4oVHpZKg==": 9973609, "pb-IF5QV1o7IQ==": 2, "pb-IF49VGY6Vg==": 10, "pb-IF4KVUUjUA==": 49, "pb-IF4PV0oHJA==": 0, "pb-IF4tVXo8CQ==": 20, "pb-IF4LVWUyNg==": 1870, "pb-IF5WVWs4KA==": 140, "pb-IF4dVXZbUg==": 110, "pb-IF4SVWoeCw==": 40, "pb-JiNJARBbXENEWlhDEEJQVlVLEElfTlJA": 10, "pb-IF5UVRgxBg==": 1217, "pb-IF4QVHRfKQ==": 60, "pb-IF4-VXg9DQ==": 19, "pb-IF4eVHUHDA==": 630, "pb-IF4vVUExLQ==": 5506, "pb-IF4LVURZEg==": 10, "pb-IF4qVXcYMw==": 40, "pb-IF4dVUUdBw==": 53, "pb-IF42VRYIPw==": 10, "pb-IF4eVW9aEw==": 50, "pb-IF49VBQ4KQ==": 10, "pb-IF4qVBQgEg==": 450, "pb-IF4-V1EBMw==": 10, "pb-IF5VVXIsDA==": 10, "pb-IF4FVUYzEw==": 10, "pb-IF5cVXokFA==": 10, "pb-IF5cVWlZHA==": 110, "pb-IF5UVXQYLg==": 1980, "pb-IF4pVBYhBA==": 50, "pb-IF5VVWUeKA==": 621, "pb-IF4OV1oODg==": 10, "pb-IF4wVXUEPQ==": 10, "pb-IF4zVXkvMA==": 30, "pb-IF4eVGJYKA==": 90, "pb-IF4xVUQ8Bw==": 30, "pb-IF4dVE0zLQ==": 50, "pb-IF4iN0wZ": 10, "pb-IF4BVXgtLA==": 20, "pb-IF4QVEksKA==": 55, "pb-IF5cVEUJIQ==": 86, "pb-IF5VVWkiLQ==": 10, "pb-IF4XVE0kUw==": 40, "pb-IF4AVxUnLQ==": 400, "pb-IF4eUlEn": 10, "pb-IF5TVXM-Mw==": 20, "pb-IF4IVUJSMw==": 30, "pb-IF4tVUgOBg==": 10, "pb-IF4dVUQTVQ==": 20, "pb-IF5VVxI5Fg==": 10, "pb-IF4uVRMhIg==": 10, "pb-IF4rVXcGPA==": 665, "pb-IF4zVGoCFQ==": 30, "pb-IF5SVUoGAA==": 1962, "pb-IF42VFQGAA==": 250, "pb-IF4rVBYoCA==": 10, "pb-IF4AVW8qMQ==": 20, "pb-IF4lVFYhNw==": 34, "pb-IF4BVUJeBg==": 30, "pb-IF4WVxE7Ag==": 10, "pb-IF4cVEYgCQ==": 310, "pb-IF4VVUVfNw==": 20, "pb-IF43VUgzHA==": 0, "pb-IF43V3ReFQ==": 30, "pb-JiNJARBSUENDWldGEE9YXF1CEkFXR1lH": 18, "pb-IF4jVXgmIw==": 57, "pb-IF5VVG88DA==": 10, "pb-IF4iVG48XQ==": 10, "pb-IF4HVFQFJA==": 10, "pb-IF4hVUY-Ug==": 8, "pb-IF4qV3cOBw==": 10, "pb-IF4VVXEsDw==": 10, "pb-IF4TVUggMw==": 30, "pb-IF4KVE0BFQ==": 10, "pb-IF4dVGoPDg==": 10, "pb-IF5XVHgOPA==": 40, "pb-IF4rVGIDFg==": 40, "pb-IF4wAEZY": 20, "pb-IF4IVUwlIw==": 10, "pb-IF4yVWkZXQ==": 20, "pb-IF4tVWMaAg==": 260, "pb-IF4sVXgEXA==": 49, "pb-IF4oVRIILw==": 10, "pb-IF4GVXctFA==": 96, "pb-IF4hVBQgVw==": 30, "pb-IF4vVWUtDQ==": 10, "pb-IF48VBQiLw==": 550, "pb-IF4iVXgMCQ==": 10, "pb-IF4TVW0FLw==": 50, "pb-IF5cV08bVg==": 20, "pb-IF4lVUNeJg==": 10, "pb-IF5QVRIpMQ==": 30, "pb-IF4RVUcbKQ==": 10, "pb-IF4qVWYcLg==": 30, "pb-IF4hV3cfUA==": 30, "pb-IF4JV1cZFQ==": 10, "pb-IF4pVXcJXQ==": 1, "pb-JiNJARFeV0ZJWV9DGURSV1RLEEZZQFVL": 20, "pb-IF4BVXAnMw==": 0, "pb-IF4eVU8sVw==": 10, "pb-IF4XVGJcMA==": 10, "pb-IF42V2oxVA==": 20, "pb-JiNJARBbUUFAVV5EEkJUXFBGGUNeRFVC": 1050, "pb-IF5QVWESAw==": 80, "pb-IF49VGkpIQ==": 140, "pb-JiNJARFdUEBDXVtGGU9RV1BCFUdZQlZE": 40, "pb-IF4qVFMAUQ==": 230, "pb-IF4KVUYlUw==": 0, "pb-IF4lVXpfNw==": 10, "pb-IF4KVHMnNw==": 10, "pb-JiNJARFbUkFHWl9FFEFSUldHGEVeRFZE": 20, "pb-IF4vVBkiUg==": 15, "pb-IF4RVXIpFQ==": 10, "pb-IF4HVW8jHw==": 30, "pb-IF4jVWYFXQ==": 60, "pb-IF4oVUguDw==": 30, "pb-IF4dVUEAVg==": 20, "pb-IF5RVUUfBw==": 60, "pb-IF40VEgHPQ==": 50, "pb-IF4iVW0oNA==": 10, "pb-IF4-VUcnMw==": 10, "pb-IF4xVRcfKA==": 10, "pb-IF4zVXQaVQ==": 10, "pb-IF4OVXU_Mw==": 20, "pb-IF4UVXgfKQ==": 20, "pb-JiNJVxBSVkJDXVlGFEJWV1FAEEZfRFZC": 60, "pb-IF4mVRAKLg==": 10, "pb-IF4VVUZdBw==": 20, "pb-IF4VVUgEUw==": 20, "pb-IF42VRUvDg==": 20, "pb-IF4mVXobFg==": 10, "pb-IF4rVUU_Lg==": 10, "pb-IF4cVWw5IA==": 20, "pb-IF5TVFheXQ==": 10, "pb-IF4hVUYPUQ==": 50, "pb-IF4SVEYZHQ==": 23, "pb-IF4DVRUIUw==": 60, "pb-IF4jVXMMDg==": 10, "pb-IF4WVWsbAQ==": 20, "pb-IF42VWEMBA==": 999999999999999999999999999999999999999999999999999999999999999999999999999999999999999999999999999999999999999999999999999999999999999999999999999999990012844, "pb-IF4zVWwSLQ==": 20, "pb-IF4mV0QZMw==": 20, "pb-IF4TAUUB": 20, "pb-IF4rVUcSXA==": 20, "pb-IF5VVXIEAg==": 10, "pb-JiNJARBSUEBCWFhEGEFYUV1KGElfR1FL": 10, "pb-IF4uVXIPDA==": 30, "pb-IF4lVRlbHQ==": 30, "pb-IF4gVHkALg==": 10, "pb-IF4CVGY-KQ==": 20, "pb-IF5dVFkyEQ==": 10, "pb-IF4mHnM6": 36, "pb-IF42VUYnNQ==": 10, "pb-JiNJARFeUEJDWV1HFkRSU1FCF0hWQVJC": 10, "pb-IF4uVUEmMg==": 10, "pb-IF4DVXoRIg==": 10, "pb-IF41VWwBVg==": 50, "pb-IF4dVFpcUA==": 150, "pb-IF4qVFEFCw==": 150, "pb-IF4GVGc6Fg==": 50, "pb-IF4-VUIYFA==": 10, "pb-IF4zVUhSBA==": 30, "pb-IF4yVWwlPQ==": 262, "pb-IF5dVUxaHA==": 200, "pb-IF4tVXEhUQ==": 10, "pb-IF4tVRAoDA==": 153, "pb-IF4LVG4oJw==": 56, "pb-IF4dVE0oUA==": 20, "pb-IF4jV01SFg==": 660, "pb-JiNJARFYUENAVV9AEE9QU1BAFENaQVRB": 40, "pb-IF4QVUdSAg==": 40, "pb-IF4CVXMZCQ==": 90, "pb-IF4QVXJSKA==": 18, "pb-JiNJVxBSVkRGWFpCEEdTUldKFUZeRFFA": 10, "pb-IF4PVUsJNw==": 51, "pb-IF4MVRUsPQ==": 20, "pb-IF4XV0M6Cw==": 30, "pb-IF5XVRIKCQ==": 10, "pb-IF4XVUY7Cw==": 10, "pb-IF4AVURZLg==": 20, "pb-IF4QVWM9Nw==": 10, "pb-IF4FVUMSVA==": 160, "pb-IF40VRAvNA==": 10, "pb-JiNJARFfXENCWVhJFEVUUVRFEUJeQFJB": 10, "pb-JiNJARBZU0BJXFlGFEJWXFdFEUlYTldB": 60, "pb-JiNJVxFbVkFEX1xDFkBQV1JHF0BWRFVA": 110, "pb-IF4-VRQaMQ==": 100, "pb-IF4cVFYgKg==": 60, "pb-IF5UVXdZCg==": 100, "pb-IF4KVUsgFQ==": 90, "pb-IF4CVFkdKQ==": 48, "pb-IF5UVUgqBA==": 20, "pb-IF4NVGYnJA==": 190, "pb-IF4TVXcjDQ==": 436, "pb-IF43VUY8KA==": 10, "pb-IF5dVUwRFw==": 33, "pb-IF5SVUYxAQ==": 10, "pb-IF4eVUUDEQ==": 30, "pb-IF4nVWoGNw==": 20, "pb-IF5dVXBTUw==": 10, "pb-IF4IVUEYMA==": 10, "pb-IF4VUnNd": 40, "pb-IF5UVxg8JA==": 10, "pb-IF4lVGExBA==": 44, "pb-IF5UVWgoBA==": 10, "pb-IF4BVUUFHA==": 2260, "pb-IF4gVUYcUw==": 190, "pb-IF4yVWw7Ew==": 50, "pb-IF4oVXooVQ==": 20, "pb-IF4wVG4_Fw==": 10, "pb-IF4gVWECCw==": 0, "pb-IF5QVHcEIA==": 20, "pb-JiNJARFfVUdEWFpGEkVSU1JAEUReQldH": 478, "pb-IF49VWpcBw==": 30, "pb-IF4gVUg8PQ==": 50, "pb-IF40V3E_Cw==": 20, "pb-IF5QV0lYNA==": 10, "pb-IF5XVUcnMw==": 60, "pb-IF4sVUQsVA==": 10, "pb-IF4GV1MaVA==": 10, "pb-IF4yVHIOPA==": 10, "pb-IF4tV08nNg==": 10, "pb-IF40VUglUQ==": 30, "pb-IF4vVE4GNg==": 70, "pb-IF4zVUk_UA==": 50, "pb-IF48VW8tBA==": 90, "pb-IF5cVXkEVA==": 20, "pb-IF5RVXECEg==": 40, "pb-IF4HVREaCA==": 10, "pb-IF4zVUIzFw==": 636, "pb-IF4LDHQN": 0, "pb-IF4eVUgcBg==": 40, "pb-IF5WDhcO": 30, "pb-IF42VUYIMw==": 10, "pb-IF5UVREhIA==": 0, "pb-IF4qVXkCPw==": 0, "pb-IF4DVUYkIQ==": 10, "pb-IF5TVUUZHw==": 150, "pb-IF4gVExfFw==": 240, "pb-IF4qVXYsJA==": 20, "pb-IF4hVRNcUw==": 10, "pb-IF5dVWkYBA==": 10, "pb-IF4HVEMeCA==": 46, "pb-JiNJARFeUUZIWVhIGE9VV1VCE0hfQldB": 20, "pb-IF4mVEw8Vg==": 20, "pb-IF4JVFpcCg==": 55, "pb-IF4IVXYdVA==": 0, "pb-IF4vVUMyLA==": 10, "pb-IF5SVWwGMw==": 10, "pb-IF41VE4jXQ==": 10, "pb-IF41VUgMLg==": 0, "pb-JiNJARFdU0JHXlhGGURUVFxAGEJXQFND": 10, "pb-IF42VW4eIQ==": 80, "pb-IF4LVWRdVA==": 10, "pb-IF4wVWIeMg==": 10, "pb-IF4-LBMq": 10, "pb-IF5QC1EC": 10, "pb-IF4nVFksMg==": 20, "pb-IF4yVGJaEw==": 61, "pb-IF4LV3IqNg==": 0, "pb-IF4oVBVeCw==": 10, "pb-IF4mVWk5DA==": 10, "pb-IF5RVUlaMA==": 20, "pb-IF4sVGIkEg==": 50, "pb-IF4PVXI8AA==": 80, "pb-IF4rVXYcVA==": 10, "pb-IF5VVUohMA==": 30, "pb-IF4rVRkvVg==": 30, "pb-IF4UV3gKBg==": 60, "pb-IF4AVXIAPw==": 90, "pb-JiNJARBcXUJJWFtHEUJZU1BGFEFWT1RD": 30, "pb-IF4NVWcsDA==": 10, "pb-IF4gVFYhLw==": 30, "pb-IF4SVE8cHQ==": 10, "pb-IF4WVUoDLw==": 1, "pb-JiNJVxFdUUBAWVpAF0JWU1ZFGEdYRlBH": 10, "pb-IF4nVXIMFw==": 20, "pb-IF49V0sEIw==": 314, "pb-LV4FV0ZTVkoSVF9BEBMCBV1KEA==": 60, "pb-IF4RVUcEAQ==": 20, "pb-IF4PVXJSIA==": 50, "pb-IF43VBQDNA==": 10, "pb-IF4tVXkMKw==": 60, "pb-IF5TVE0GXQ==": 10, "pb-IF4RVWQjPw==": 60, "pb-IF4nVFIeDw==": 316, "pb-IF4CVW4eIQ==": 10, "pb-IF43VFkRKw==": 10, "pb-IF4pVXYcBA==": 60, "pb-IF4HVUc_MA==": 138, "pb-IF5RVWIpNg==": 0, "pb-IF4RV04FMA==": 10, "pb-IF4TVXdTNw==": 36, "pb-IF4mVXYuHw==": 10, "pb-IF4DV2kTPA==": 1302, "pb-IF42VRAYLA==": 20, "pb-IF4BFlVT": 40, "pb-IF48VUQzFA==": 10, "pb-IF4XVW0RMQ==": 1874, "pb-IF4yVUoSDQ==": 44, "pb-IF5SVWwkDQ==": 115, "pb-IF4XVXUHAQ==": 40, "pb-JiNJARBfVEZIWFdEFkRUU1dKEUleQVJL": 40, "pb-IF5SVWQ-PQ==": 10, "pb-IF4zVWYcNQ==": 26, "pb-JiNJARFaU0RIVFhIFUBXXFNGEERdRlVL": 20, "pb-IF4sV1k5Eg==": 0, "pb-IF42VUsBUg==": 50, "pb-IF4eVXlZIg==": 10, "pb-IF4UAHVS": 20, "pb-IF48VFISUA==": 10, "pb-IF4OVWxcDQ==": 90, "pb-IF5XVUQODQ==": 630, "pb-IF5WVXoBKA==": 460, "pb-IF4MVXdbNg==": 30, "pb-IF4AVXobCg==": 10, "pb-JiNJARBaXUtBXV1BEUNWVldBF0ReRFZC": 10, "pb-JiNJVxFfU0BEVFpAFUBQU11BFUhXQ1dA": 70, "pb-IF48VGseVQ==": 55, "pb-IF4xVFoADA==": 0, "pb-IF42VXVTVg==": 80, "pb-IF4hVUIqXQ==": 10, "pb-IF4HXmwy": 50, "pb-IF4XV3JaUw==": 20, "pb-IF4FU0MA": 249, "pb-IF4hVXEOFw==": 40, "pb-IF4LVXUtVg==": 791, "pb-IF43VHYyUg==": 37641, "pb-IF5SVWQhXQ==": 0, "pb-IF4nV3kkCA==": 60, "pb-IF4jXhYA": 40, "pb-IF4iVWxbPQ==": 74, "pb-IF4qVRUoMw==": 10, "pb-IF4pV3MCPw==": 306, "pb-IF4UVUVfPA==": 20, "pb-IF4FVWUqCA==": 30, "pb-IF4VVXM5UQ==": 226, "pb-IF4CVUYSJw==": 10, "pb-IF4zVUYPHA==": 10, "pb-IF5TVUUCUA==": 126, "pb-IF48V1AvCg==": 10, "pb-IF4NMGEJ": 40, "pb-IF4tVXFTPQ==": 1309, "pb-JiNJARBZVURCWVlBFE5ZUlZDGUFaQ1FC": 20, "pb-JiNJARFfVURBWVpCFE9YVVJLFUVWR1hL": 10, "pb-IF4zVW4PBw==": 20, "pb-IF4xVHoyDg==": 40, "pb-JiNJARFcUkNAX1hFFENWUVRCFEZXQ1FB": 10, "pb-JiNJARFZV0ZCWlZBEEBZVFJCFkFYQldA": 5, "pb-IF4jVUcYKw==": 58, "pb-IF4TVUQlVw==": 10, "pb-IF41VUMSKg==": 20, "pb-IF5VVVhYEA==": 8750, "pb-IF4tVFJdBA==": 20, "pb-IF4UVUc6HA==": 40, "pb-IF5dVUkhLg==": 10, "pb-IF4hVFMyLA==": 10, "pb-JiNJARBaU0dEXVtBEUFXVFNFEENZQ1BE": 10, "pb-IF5RVWMdFQ==": 10, "pb-IF4iV3UxUA==": 50, "pb-IF48VWcHHA==": 10, "pb-IF4NVUQzMw==": 30, "pb-IF4oVUslUQ==": 10, "pb-IF4LV08zVQ==": 20, "pb-IF4yVUMHKg==": 10, "pb-IF49VWdeIQ==": 30, "pb-IF48CRYC": 0, "pb-IF4UVGQJHQ==": 10, "pb-IF4BVXlfMQ==": 59, "pb-IF5VVXZZDQ==": 23, "pb-IF4LVVE_DQ==": 108, "pb-JiNJARBcVkNCX1pGGUBZU1RDFkdeQVRC": 10, "pb-IF4-VWNfKw==": 10, "pb-IF4zVBEMPQ==": 40, "pb-IF4dVWkKVg==": 10, "pb-IF4yVXEzDw==": 60, "pb-IF5dVXo8Uw==": 10, "pb-IF4DVUsHKA==": 300, "pb-IF5SVWUvJg==": 80, "pb-IF4rVEcgLw==": 3271, "pb-IF5cVRYnUA==": 20, "pb-IF4SVUdeMg==": 10, "pb-IF4UVWhfMQ==": 232, "pb-IF4oVUUZLg==": 20, "pb-IF4QVUgNAw==": 30, "pb-IF5SVWUEVg==": 30, "pb-IF4pVWUoVQ==": 208, "pb-IF4iVUgZIg==": 10, "pb-IF4hVEcTAA==": 50, "pb-IF5SVWVbHQ==": 120, "pb-IF41VFQBDg==": 1342, "pb-IF4lVUwEPw==": 3506, "pb-IF5XVWciHA==": 52, "pb-IF4jVXc_Ug==": 30, "pb-IF4vVUNZDg==": 20, "pb-IF4NVXgHKw==": 10, "pb-IF4PVHFSEA==": 30, "pb-IF4CVW4mVw==": 50, "pb-IF4wVWQKUA==": 30, "pb-IF4GV2YlKg==": 40, "pb-IF4wUHc7": 10, "pb-IF4wVWsoKQ==": 10, "pb-IF4vVEYSNA==": 10, "pb-IF4pVUY-Bw==": 10, "pb-IF5RVXIsLw==": 50, "pb-IF5TVUddIA==": 50, "pb-IF4VCEsn": 108, "pb-IF4GVRkcJw==": 0, "pb-IF4PVGg7AA==": 20, "pb-IF4cVWYDXQ==": 30, "pb-IF4WVUwCNw==": 10, "pb-IF4yV0MyDQ==": 20, "pb-IF41Hlgk": 315, "pb-IF4NVEE9Aw==": 10, "pb-IF5SMXNb": 20, "pb-IF4RVUsaFw==": 134, "pb-IF4CNEE7": 20, "pb-IF5WMkVe": 30, "pb-IF4eVUgSUw==": 13, "pb-IF4MVRQzMQ==": 70, "pb-IF5XM0Eu": 31, "pb-JiNJARFZVUdFX1tHEE9UUVJCFUNZQFNC": 70, "pb-IF4IVXM8KQ==": 20, "pb-IF5VVU4kVg==": 10, "pb-IF4gVUMJUQ==": 10, "pb-IF4-VUJeDw==": 100, "pb-IF4jV24vUA==": 20, "pb-IF4nVBEbEQ==": 8, "pb-JiNJARBeV0pFWV5HEU5YVVNEFEdeRlBA": 10, "pb-IF5RVBIFXA==": 20, "pb-IF4jVUlZDg==": 90, "pb-IF4PVW9dUw==": 90, "pb-IF4MVRkNDw==": 5266, "pb-IF4KVUtSEQ==": 19, "pb-IF4eV0QtJA==": 10, "pb-IF4OVUMlPw==": 160, "pb-IF4-VGcZIA==": 10, "pb-IF40VW9eUQ==": 20, "pb-IF4IVW8FCQ==": 90, "pb-IF4DVXg6Mg==": 57, "pb-IF5SVUEcEA==": 30, "pb-IF4mVXksKg==": 10, "pb-IF4zVUYjPA==": 120, "pb-IF4RVWQKVg==": 90, "pb-IF4hVUMRHw==": 0, "pb-IF4dVWUtIw==": 60, "pb-IF5QVXA5Eg==": 10, "pb-IF4LVFcADQ==": 335, "pb-IF4SVBAMDw==": 706, "pb-IF4WVEkuKA==": 30, "pb-IF4IVRlaHQ==": 40, "pb-IF4eVUcqMg==": 90, "pb-IF42V1IlLg==": 9450, "pb-IF5SVXZTAw==": 500, "pb-IF4CVUlbNw==": 20, "pb-IF4SVRgaIg==": 10, "pb-IF4RVXoPMw==": 30, "pb-IF4VVUUSKA==": 10, "pb-IF4GVUUMKw==": 20, "pb-IF4JVWobFQ==": 20, "pb-IF4FVUQqDw==": 28529, "pb-IF4nVFg4Uw==": 191, "pb-IF48VUQ8KA==": 180, "pb-IF4GVXkHCQ==": 10, "pb-IF4TVUwDCA==": 20, "pb-IF4NVUQaJw==": 10, "pb-IF4PVUUKKw==": 34, "pb-IF5cVW4eMw==": 120, "pb-IF4iVG0pUA==": 10, "pb-IF48VUopBA==": 29, "pb-IF4PMlUn": 160, "pb-IF4IVXMjXA==": 10, "pb-IF4dV1ktVA==": 10, "pb-IF4qVRFTVg==": 42, "pb-IF4pVXY_Ag==": 10, "pb-IF4jVUgCUw==": 77, "pb-IF4OVHdeAA==": 10, "pb-IF4QVRAgPQ==": 10, "pb-IF5SC2lZ": 20, "pb-IF4rV3AIIg==": 9999999999978191, "pb-IF42VUktJA==": 153, "pb-IF43VXUTLg==": 26, "pb-IF4lVUQyEA==": 10, "pb-IF4lVEozKw==": 316, "pb-IF4NVFJbEQ==": 134, "pb-IF4LVEkmJA==": 700, "pb-IF4eVRVePQ==": 110, "pb-IF4zVRAhFg==": 30, "pb-IF4yVFoaBg==": 10, "pb-IF4PV24yPA==": 63, "pb-JiNJARFYVUJBXVtCFEJSUlxKFklWT1BH": 10, "pb-JiNJARBaVUBHXVdEEEZRXF1KGEldRFlG": 10, "pb-IF4LVRRdDw==": 20, "pb-IF4RVGQmIA==": 20, "pb-IF5VVXklPw==": 30, "pb-IF40VXggXQ==": 230, "pb-IF4rVXEzKw==": 448, "pb-IF4MVHM7Nw==": 30, "pb-IF4PVUgoDQ==": 83, "pb-IF4rVXImVA==": 39, "pb-IF4zVWooNA==": 20}